{"stats":{"minecraft:picked_up":{"minecraft:stick":4,"minecraft:crafting_table":1,"biomesoplenty:orange_autumn_sapling":7,"minecraft:oak_log":8,"minecraft:dark_oak_log":8,"minecraft:dirt":5,"biomesoplenty:maple_sapling":2,"minecraft:coal":8,"minecraft:cobblestone":15},"minecraft:used":{"minecraft:glass":13,"webdisplays:linker":2,"webdisplays:keyboard":2,"minecraft:grass_block":3,"minecraft:stone_pickaxe":20,"minecraft:wooden_pickaxe":4,"create:large_water_wheel":3,"minecraft:stone_axe":6,"minecraft:dirt":2,"minecraft:crafting_table":1,"webdisplays:screen":27},"minecraft:crafted":{"minecraft:oak_planks":12,"minecraft:crafting_table":1,"minecraft:stick":8,"minecraft:wooden_pickaxe":1,"minecraft:stone_pickaxe":1,"minecraft:stone_sword":1,"minecraft:stone_axe":1},"minecraft:custom":{"minecraft:time_since_rest":20568,"minecraft:sprint_one_cm":32822,"minecraft:damage_taken":510,"minecraft:walk_one_cm":28003,"minecraft:interact_with_crafting_table":3,"minecraft:fly_one_cm":232587,"minecraft:crouch_one_cm":239,"minecraft:play_time":32419,"minecraft:deaths":1,"minecraft:sneak_time":518,"minecraft:jump":422,"minecraft:leave_game":5,"minecraft:time_since_death":20537,"minecraft:total_world_time":32419,"minecraft:fall_one_cm":22463},"minecraft:mined":{"biomesoplenty:orange_autumn_leaves":3,"biomesoplenty:yellow_autumn_leaves":4,"minecraft:dark_oak_log":1,"biomesoplenty:maple_leaves":3,"minecraft:crafting_table":1,"minecraft:oak_log":5,"minecraft:grass_block":2,"minecraft:coal_ore":8,"minecraft:dirt":3,"minecraft:stone":16,"minecraft:oak_leaves":1},"minecraft:killed_by":{"apollyon:the_damned":1}},"DataVersion":3120}