{"stats":{"minecraft:picked_up":{"biomesoplenty:orange_autumn_sapling":1},"minecraft:custom":{"minecraft:jump":212,"minecraft:time_since_rest":10069,"minecraft:crouch_one_cm":57,"minecraft:leave_game":5,"minecraft:play_time":10069,"minecraft:sprint_one_cm":14643,"minecraft:damage_taken":170,"minecraft:time_since_death":10069,"minecraft:walk_one_cm":11968,"minecraft:sneak_time":10,"minecraft:total_world_time":10069,"minecraft:fall_one_cm":11163,"minecraft:fly_one_cm":35224},"minecraft:mined":{"biomesoplenty:yellow_autumn_leaves":3,"biomesoplenty:orange_autumn_leaves":3,"biomesoplenty:maple_leaves":3,"minecraft:oak_leaves":1}},"DataVersion":3120}