{"stats":{"minecraft:picked_up":{"biomesoplenty:orange_autumn_sapling":1},"minecraft:custom":{"minecraft:jump":246,"minecraft:time_since_rest":8568,"minecraft:deaths":1,"minecraft:crouch_one_cm":57,"minecraft:leave_game":5,"minecraft:play_time":20419,"minecraft:sprint_one_cm":16898,"minecraft:damage_taken":340,"minecraft:time_since_death":8537,"minecraft:walk_one_cm":16412,"minecraft:sneak_time":20,"minecraft:total_world_time":20419,"minecraft:fall_one_cm":12194,"minecraft:fly_one_cm":40726},"minecraft:mined":{"biomesoplenty:yellow_autumn_leaves":3,"biomesoplenty:orange_autumn_leaves":3,"biomesoplenty:maple_leaves":3,"minecraft:oak_leaves":1},"minecraft:killed_by":{"apollyon:the_damned":1}},"DataVersion":3120}