{"stats":{"minecraft:used":{"minecraft:oak_log":20,"minecraft:glass":13,"webdisplays:linker":4,"minecraft:water_bucket":5,"webdisplays:keyboard":2,"create:wrench":7,"minecraft:oak_stairs":30,"minecraft:grass_block":14,"minecraft:stone_pickaxe":20,"minecraft:oak_planks":95,"minecraft:wooden_pickaxe":4,"create:creative_motor":2,"create:large_water_wheel":4,"create:blaze_burner":4,"minecraft:stone_axe":6,"create:fluid_tank":12,"create:mechanical_pump":2,"minecraft:dirt":2,"create:shaft":6,"minecraft:crafting_table":1,"create:steam_engine":2,"create:cogwheel":15,"create:fluid_pipe":10,"webdisplays:screen":27,"create:large_cogwheel":11},"minecraft:killed_by":{"apollyon:the_damned":1},"minecraft:crafted":{"minecraft:oak_planks":12,"minecraft:crafting_table":1,"minecraft:stick":8,"minecraft:wooden_pickaxe":1,"minecraft:stone_pickaxe":1,"minecraft:stone_sword":1,"minecraft:stone_axe":1},"minecraft:picked_up":{"minecraft:stick":4,"minecraft:crafting_table":1,"biomesoplenty:orange_autumn_sapling":7,"minecraft:oak_log":8,"minecraft:dark_oak_log":8,"minecraft:dirt":5,"biomesoplenty:maple_sapling":2,"minecraft:coal":8,"minecraft:cobblestone":15},"minecraft:custom":{"minecraft:time_since_rest":32513,"minecraft:sprint_one_cm":33290,"minecraft:damage_taken":510,"minecraft:walk_one_cm":37442,"minecraft:damage_dealt":20,"minecraft:interact_with_crafting_table":3,"minecraft:fly_one_cm":271604,"minecraft:crouch_one_cm":461,"minecraft:play_time":44364,"minecraft:deaths":1,"minecraft:sneak_time":1099,"minecraft:jump":446,"minecraft:leave_game":7,"minecraft:walk_on_water_one_cm":228,"minecraft:time_since_death":32482,"minecraft:total_world_time":44364,"minecraft:fall_one_cm":22463},"minecraft:mined":{"biomesoplenty:orange_autumn_leaves":3,"biomesoplenty:yellow_autumn_leaves":4,"minecraft:dark_oak_log":1,"biomesoplenty:maple_leaves":3,"minecraft:crafting_table":1,"minecraft:oak_log":5,"minecraft:grass_block":2,"minecraft:coal_ore":8,"minecraft:dirt":3,"minecraft:stone":16,"minecraft:oak_leaves":1}},"DataVersion":3120}