{"stats":{"minecraft:used":{"biomesoplenty:lavender":1},"minecraft:picked_up":{"biomesoplenty:lavender":1,"minecraft:dirt":1},"minecraft:mined":{"minecraft:grass_block":1,"biomesoplenty:lavender":1,"biomesoplenty:tall_lavender":1},"minecraft:custom":{"minecraft:jump":32,"minecraft:time_since_rest":0,"minecraft:deaths":1,"minecraft:leave_game":2,"minecraft:play_time":15735,"minecraft:sprint_one_cm":972,"minecraft:damage_taken":235,"minecraft:time_since_death":0,"minecraft:walk_one_cm":2237,"minecraft:total_world_time":15735,"minecraft:fall_one_cm":1085,"minecraft:fly_one_cm":5685},"minecraft:killed_by":{"minecraft:zombie":1}},"DataVersion":3120}