{
  "vinery:flower_pot": {
    "criteria": {
      "has_the_recipe": "2024-07-18 19:28:01 +0000"
    },
    "done": true
  },
  "vinery:cherry_chest_boat": {
    "criteria": {
      "has_the_recipe": "2024-07-18 19:28:01 +0000"
    },
    "done": true
  },
  "vinery:loam_slab": {
    "criteria": {
      "has_the_recipe": "2024-07-18 19:28:01 +0000"
    },
    "done": true
  },
  "betterdungeons:root": {
    "criteria": {
      "always": "2024-07-18 19:28:01 +0000"
    },
    "done": true
  },
  "vinery:cherry_planks": {
    "criteria": {
      "has_the_recipe": "2024-07-18 19:28:01 +0000"
    },
    "done": true
  },
  "vinery:stripped_cherry_wood": {
    "criteria": {
      "has_the_recipe": "2024-07-18 19:28:01 +0000"
    },
    "done": true
  },
  "vinery:dark_oak_wine_rack_small": {
    "criteria": {
      "has_the_recipe": "2024-07-18 19:28:01 +0000"
    },
    "done": true
  },
  "vinery:birch_wine_rack_small": {
    "criteria": {
      "has_the_recipe": "2024-07-18 19:28:01 +0000"
    },
    "done": true
  },
  "incendium:technical/using/trailblazer": {
    "criteria": {
      "log_spam_fixer": "2024-07-18 19:28:02 +0000"
    },
    "done": false
  },
  "vinery:window": {
    "criteria": {
      "has_the_recipe": "2024-07-18 19:28:01 +0000"
    },
    "done": true
  },
  "incendium:technical/scroll_of_returning": {
    "criteria": {
      "log_spam_fixer": "2024-07-18 19:28:02 +0000"
    },
    "done": false
  },
  "vinery:vinemaker_leggings": {
    "criteria": {
      "has_the_recipe": "2024-07-18 19:28:01 +0000"
    },
    "done": true
  },
  "vinery:spruce_wine_rack_small": {
    "criteria": {
      "has_the_recipe": "2024-07-18 19:28:01 +0000"
    },
    "done": true
  },
  "vinery:spruce_wine_rack_big": {
    "criteria": {
      "has_the_recipe": "2024-07-18 19:28:01 +0000"
    },
    "done": true
  },
  "vinery:grapevine_stem": {
    "criteria": {
      "has_the_recipe": "2024-07-18 19:28:01 +0000"
    },
    "done": true
  },
  "biomesoplenty:biomesoplenty/all_biomes": {
    "criteria": {
      "seasonal_forest": "2024-07-18 19:28:02 +0000"
    },
    "done": false
  },
  "vinery:vinemaker_apron": {
    "criteria": {
      "has_the_recipe": "2024-07-18 19:28:01 +0000"
    },
    "done": true
  },
  "vinery:big_table": {
    "criteria": {
      "has_the_recipe": "2024-07-18 19:28:01 +0000"
    },
    "done": true
  },
  "vinery:cherry_pressure_plate": {
    "criteria": {
      "has_the_recipe": "2024-07-18 19:28:01 +0000"
    },
    "done": true
  },
  "vinery:stackable_log": {
    "criteria": {
      "has_the_recipe": "2024-07-18 19:28:01 +0000"
    },
    "done": true
  },
  "vinery:loam_stairs": {
    "criteria": {
      "has_the_recipe": "2024-07-18 19:28:01 +0000"
    },
    "done": true
  },
  "vinery:loam": {
    "criteria": {
      "has_the_recipe": "2024-07-18 19:28:01 +0000"
    },
    "done": true
  },
  "vinery:cherry_fence": {
    "criteria": {
      "has_the_recipe": "2024-07-18 19:28:01 +0000"
    },
    "done": true
  },
  "vinery:vinemaker_boots": {
    "criteria": {
      "has_the_recipe": "2024-07-18 19:28:01 +0000"
    },
    "done": true
  },
  "vinery:basket": {
    "criteria": {
      "has_the_recipe": "2024-07-18 19:28:01 +0000"
    },
    "done": true
  },
  "vinery:straw_hat": {
    "criteria": {
      "has_the_recipe": "2024-07-18 19:28:01 +0000"
    },
    "done": true
  },
  "incendium:technical/using/ragnarok": {
    "criteria": {
      "log_spam_fixer": "2024-07-18 19:28:02 +0000"
    },
    "done": false
  },
  "vinery:jungle_wine_rack_small": {
    "criteria": {
      "has_the_recipe": "2024-07-18 19:28:01 +0000"
    },
    "done": true
  },
  "iceandfire:iceandfire/root": {
    "criteria": {
      "tick": "2024-07-18 19:28:01 +0000"
    },
    "done": true
  },
  "vinery:dirt_slab": {
    "criteria": {
      "has_the_recipe": "2024-07-18 19:28:01 +0000"
    },
    "done": true
  },
  "vinery:cherry_stairs": {
    "criteria": {
      "has_the_recipe": "2024-07-18 19:28:01 +0000"
    },
    "done": true
  },
  "vinery:grass_slab": {
    "criteria": {
      "has_the_recipe": "2024-07-18 19:28:01 +0000"
    },
    "done": true
  },
  "1_splatus:ultris/root": {
    "criteria": {
      "c1": "2024-07-18 19:28:01 +0000"
    },
    "done": true
  },
  "incendium:technical/new_player": {
    "criteria": {
      "requirement": "2024-07-18 19:28:01 +0000"
    },
    "done": true
  },
  "vinery:oak_wine_rack_big": {
    "criteria": {
      "has_the_recipe": "2024-07-18 19:28:01 +0000"
    },
    "done": true
  },
  "vinery:flower_box": {
    "criteria": {
      "has_the_recipe": "2024-07-18 19:28:01 +0000"
    },
    "done": true
  },
  "minecraft:adventure/root": {
    "criteria": {
      "killed_by_something": "2024-07-18 19:45:32 +0000"
    },
    "done": true
  },
  "vinery:oak_wine_rack_small": {
    "criteria": {
      "has_the_recipe": "2024-07-18 19:28:01 +0000"
    },
    "done": true
  },
  "farmersdelight:main/root": {
    "criteria": {
      "seeds": "2024-07-18 19:28:01 +0000"
    },
    "done": true
  },
  "vinery:cherry_door": {
    "criteria": {
      "has_the_recipe": "2024-07-18 19:28:01 +0000"
    },
    "done": true
  },
  "vinery:wine_rack_3": {
    "criteria": {
      "has_the_recipe": "2024-07-18 19:28:01 +0000"
    },
    "done": true
  },
  "vinery:wine_rack_5": {
    "criteria": {
      "has_the_recipe": "2024-07-18 19:28:01 +0000"
    },
    "done": true
  },
  "vinery:cherry_slab": {
    "criteria": {
      "has_the_recipe": "2024-07-18 19:28:01 +0000"
    },
    "done": true
  },
  "vinery:cherry_wood": {
    "criteria": {
      "has_the_recipe": "2024-07-18 19:28:01 +0000"
    },
    "done": true
  },
  "vinery:white_grape_crate": {
    "criteria": {
      "has_the_recipe": "2024-07-18 19:28:01 +0000"
    },
    "done": true
  },
  "cataclysm:root": {
    "criteria": {
      "custom_test_name": "2024-07-18 19:28:01 +0000"
    },
    "done": true
  },
  "vinery:cherry_button": {
    "criteria": {
      "has_the_recipe": "2024-07-18 19:28:01 +0000"
    },
    "done": true
  },
  "vinery:red_grape_crate": {
    "criteria": {
      "has_the_recipe": "2024-07-18 19:28:01 +0000"
    },
    "done": true
  },
  "irons_spellbooks:grant_patchouli": {
    "criteria": {
      "tick": "2024-07-18 19:28:01 +0000"
    },
    "done": true
  },
  "vinery:dark_oak_wine_rack_big": {
    "criteria": {
      "has_the_recipe": "2024-07-18 19:28:01 +0000"
    },
    "done": true
  },
  "dungeons_arise:wda_root": {
    "criteria": {
      "WDA": "2024-07-18 19:28:01 +0000"
    },
    "done": true
  },
  "vinery:coarse_dirt_slab": {
    "criteria": {
      "has_the_recipe": "2024-07-18 19:28:01 +0000"
    },
    "done": true
  },
  "vinery:wine_box": {
    "criteria": {
      "has_the_recipe": "2024-07-18 19:28:01 +0000"
    },
    "done": true
  },
  "vinery:acacia_wine_rack_small": {
    "criteria": {
      "has_the_recipe": "2024-07-18 19:28:01 +0000"
    },
    "done": true
  },
  "mutantmonsters:root": {
    "criteria": {
      "killed_by_something": "2024-07-18 19:45:32 +0000"
    },
    "done": true
  },
  "vinery:campfire": {
    "criteria": {
      "has_the_recipe": "2024-07-18 19:28:01 +0000"
    },
    "done": true
  },
  "vinery:cherry_boat": {
    "criteria": {
      "has_the_recipe": "2024-07-18 19:28:01 +0000"
    },
    "done": true
  },
  "vinery:cherry_floorboard": {
    "criteria": {
      "has_the_recipe": "2024-07-18 19:28:01 +0000"
    },
    "done": true
  },
  "vinery:shelf": {
    "criteria": {
      "has_the_recipe": "2024-07-18 19:28:01 +0000"
    },
    "done": true
  },
  "apollyon:apollyon": {
    "criteria": {
      "apollyon": "2024-07-18 19:44:31 +0000"
    },
    "done": true
  },
  "vinery:wine_rack_1": {
    "criteria": {
      "has_the_recipe": "2024-07-18 19:28:01 +0000"
    },
    "done": true
  },
  "vinery:grapevine_lattice": {
    "criteria": {
      "has_the_recipe": "2024-07-18 19:28:01 +0000"
    },
    "done": true
  },
  "vinery:cherry_sign": {
    "criteria": {
      "has_the_recipe": "2024-07-18 19:28:01 +0000"
    },
    "done": true
  },
  "vinery:wine_rack_2": {
    "criteria": {
      "has_the_recipe": "2024-07-18 19:28:01 +0000"
    },
    "done": true
  },
  "vinery:cherry_trapdoor": {
    "criteria": {
      "has_the_recipe": "2024-07-18 19:28:01 +0000"
    },
    "done": true
  },
  "vinery:mangrove_wine_rack_small": {
    "criteria": {
      "has_the_recipe": "2024-07-18 19:28:01 +0000"
    },
    "done": true
  },
  "vinery:mangrove_wine_rack_big": {
    "criteria": {
      "has_the_recipe": "2024-07-18 19:28:01 +0000"
    },
    "done": true
  },
  "vinery:wine_bottle": {
    "criteria": {
      "has_the_recipe": "2024-07-18 19:28:01 +0000"
    },
    "done": true
  },
  "biomesoplenty:biomesoplenty/root": {
    "criteria": {
      "seasonal_forest": "2024-07-18 19:28:02 +0000"
    },
    "done": true
  },
  "create:root": {
    "criteria": {
      "0": "2024-07-18 19:28:01 +0000"
    },
    "done": true
  },
  "betterdeserttemples:root": {
    "criteria": {
      "always": "2024-07-18 19:28:01 +0000"
    },
    "done": true
  },
  "apollyon:condemned_to_die": {
    "criteria": {
      "condemned_to_die": "2024-07-18 19:45:32 +0000"
    },
    "done": true
  },
  "vinery:grapevine_pot": {
    "criteria": {
      "has_the_recipe": "2024-07-18 19:28:01 +0000"
    },
    "done": true
  },
  "bossominium:loot_bosses_a": {
    "criteria": {
      "loot_bosses_a": "2024-07-18 19:28:01 +0000"
    },
    "done": true
  },
  "vinery:birch_wine_rack_big": {
    "criteria": {
      "has_the_recipe": "2024-07-18 19:28:01 +0000"
    },
    "done": true
  },
  "vinery:wine_press": {
    "criteria": {
      "has_the_recipe": "2024-07-18 19:28:01 +0000"
    },
    "done": true
  },
  "incendium:technical/using/shield": {
    "criteria": {
      "log_spam_fixer": "2024-07-18 19:28:02 +0000"
    },
    "done": false
  },
  "vinery:fermentation_barrel": {
    "criteria": {
      "has_the_recipe": "2024-07-18 19:28:01 +0000"
    },
    "done": true
  },
  "vinery:jungle_wine_rack_big": {
    "criteria": {
      "has_the_recipe": "2024-07-18 19:28:01 +0000"
    },
    "done": true
  },
  "vinery:acacia_wine_rack_big": {
    "criteria": {
      "has_the_recipe": "2024-07-18 19:28:01 +0000"
    },
    "done": true
  },
  "majruszsdifficulty:game_stage_normal": {
    "criteria": {
      "is_triggered": "2024-07-18 19:28:01 +0000"
    },
    "done": true
  },
  "repurposed_structures:root": {
    "criteria": {
      "always": "2024-07-18 19:28:01 +0000"
    },
    "done": true
  },
  "vinery:cherry_fence_gate": {
    "criteria": {
      "has_the_recipe": "2024-07-18 19:28:01 +0000"
    },
    "done": true
  },
  "DataVersion": 3120
}